<?xml version="1.0" encoding="UTF-8"?>
<project-private xmlns="http://www.netbeans.org/ns/project-private/1">
    <editor-bookmarks xmlns="http://www.netbeans.org/ns/editor-bookmarks/2" lastBookmarkId="0"/>
    <open-files xmlns="http://www.netbeans.org/ns/projectui-open-files/2">
        <group>
            <file>file:/C:/ProyectoFinal_SalesCompany/ProyectoFinal_SalesCompany/src/java/controlador/Controlador.java</file>
            <file>file:/C:/ProyectoFinal_SalesCompany/ProyectoFinal_SalesCompany/web/esiloEntidades.css</file>
            <file>file:/C:/ProyectoFinal_SalesCompany/ProyectoFinal_SalesCompany/web/style.css</file>
            <file>file:/C:/ProyectoFinal_SalesCompany/ProyectoFinal_SalesCompany/web/informacionHome.jsp</file>
        </group>
    </open-files>
</project-private>
